track_name,artist
Old Future,Koday Jackson
Oh No,Lil Lucky
Notun Notun Payer Gulo,Khurshid Alam
Plan,Maxximusa
¡Me Gritaron Negra!,Mariella Köhn
Clairvoyant Castle,Mr. Blindbandit
EL COBA,Black The Black
You're the Most Jealous Woman I Know,Dubskie
I N S T a G R a M,Savy Soul
Sabor a Mí (BOLERO),Jean Carlos Heigl Garcia
No Sauce,Drosi mikanam
What Is That,M3D
Elf - Main Theme,Geek Music
Tweaking It,Barini King
The World Is Yours Mixtape,Lil StuPid
Hip Hop Beat,Porto 50
Anita Max Wynn (Jersey Club),Fazobeats
You've Caught Me In a Good Mood,DixieHouse
Sneaky Snitch,Sam Sora
Gol (Remix),jeferson durann
Macetando,Ivete Sangalo & LUDMILLA
Sevirem Tekce,Maqa Javadoff
See Tình (Cukak Remix),Hoàng Thùy Linh
Wacky,Hot Rice
Камин,EMIN & JONY
Mother Would B Proud,Yeuh GIN
Y Tu No Comias,Godaleaplay
BIG PURR (Prrdd) [feat. Pooh Shiesty],Coi Leray
Candy,Мэнди Мур
Meat on My Bone,Sparklefight
never say never (Sped up),"Tazty, Spedy Tazty & speed up songs"
Plan c,Maxximusa
Nocturne,Feinberg
"Clippers Only No Talking, Pt. 1",ASMR Sound Waves
I'm Coughing,Sunshee
The Best,Kass
On My Way,Adrian Portus
Carmen Prelude,yo suzuki(akisai)
Angel Numbers (PGO & Preecie Amapiano Remix),Chris Brown
"Folge 1: Das Giftigste Tier Der Welt, Teil 2",Kurier Preston Aberdeen
Revenge Party,"Auli'i Cravalho, Jaquel Spivey, Angourie Rice, Tim Meadows & Cast of Mean Girls"
告別  FAREWELL,JiKee
ONE LOVE FOR BOB,CRYPTORASTA
Flier than Ever Before,Chef Blue Magic
Conquer,Utkwq
Bella,Morrow Music
The Cat From Ipanema,j1gggs
"Adagio for Strings, Op. 11",André Previn & Лондонский Симфонический Оркестр
Emotional,Bang Nono
Waja,Victor Beatrd
Ringht,Dj viti
Juega,Omar Santana
Vox Tune,Alvin Remix
"หลวงพี่แจ๊ส 4G (From ""ภาพยนตร์เรื่องหลวงพี่แจ๊ส 4G"")",ผดุง ทรงแสง (แจ๊ส)
SAVIOR Freestyle (feat. Lil Tidy),Ace Mercy
Interview (Interlude),Sampleverse
Tiktok,Official Squeeze
Devil Game,Nevori Darlano
Me Dejaste Ir,Jay Maury
Anxious Alta,Nevori Darlano
Friends In Low Places,Enkh-Erdene
Keepin' IT CUTE,Lani Love
Ashi Ashi,6YNTHMANE & RXDXVIL
Compete,Sdot Go & Sha GZ & Jay Hound
Moonlight,king caspa
Traditionnel musette,Maurice Larcange
"Chammak Challo (From ""Ra-One"")",Akon & Hamsika Iyer
AH TXE TXE (Mixed),"TYSON, GIANT & Broederliefde"
Miss The Rage (Crankdat Remix),Trippie Redd
Uyibambe (feat. DJ Tira & Cruel Boyz),Distruction Boyz
Deli (spanish mix),lil guero
Jazz Bossa Nova,TOKYO Lonesome Blue
Still My Ace - Austin x Ddg,JustNaz
An der schönen blauen Donau   “The Beautiful Blue Danube”,Ferenc Fricsay & Симфонический оркестр Берлинского радио
Dance Dance,Kenzi Rec
Excuse Me,Lordis Van
Saddest Generation (Interlude),Repoison Murepa
This Is a Scary Show,Adrian Suirady
New Home,Frozen Silence
MONTAGEM - PR FUNK,"S3BZS, MC GW & Mc Menor Do Alvorada"
Summertime Babe,angryking
Out Getting Ribs,Feeling Blew
Do You Want My Love,Khamaree
Funny Carry,Jelila nurdianah
Early Adoption,Sound Money
este que estaa qui (Freestyle),Maritt Queen
Overseas,D-Block Europe & Central Cee
Menace (Slowed + Reverb),Visioner
Ghetto & Ratchet (Remy Ma Remix) [Mixed],Connie Diiamond & Remy Ma
Face Off,"Tech N9ne, Joey Cool, King Iso & Дуэйн Джонсон"
Canto de Mermelada,Маша и Медведь
The PROPHECY (feat. Moist Cr1TiKaL & the World),Crackwhore
Gentleman's Curse,LYLTY
Alien Flame,shometyle
Struck Me,Barini King
Koi Si,Afsana Khan & Nirmaan
Na Dança da Motinha,Dj JPR
Mi Perfil,orky music 88
Happy Day,文武貝
Honfleur,春日章宏
Bikas Loves,Mahim Ahmed
I feel like SOSA,ALHTHINOS GEORGIANOS
Inner Child,$aint$arah
Where you are (SPED UP) Vocals only,Halal Beats
Clay Pigeons,Майкл Сера
Dile (Austin Millz Remix),Don Omar
Monkeyshine,Lt. Fitzgibbons Men
澱み,howlingindicator
Eighteen,Eaglepex
Love Story (Reprise),Dial officiel
Stella Splendens,Vox Vulgaris
Taps,"Leonard Slatkin, Susan Slaughter & St. Louis Symphony Orchestra"
Heartbeat,Enquirer
Zulu (Change Mix),Circle Children
"Coup du marteau (feat. Team Paiya, Ste Milano, Renard Barakissa, Tazeboy & PSK)",Tam Sir
Omae Wa Mou,deadman 死人
El Ego,Omar Santana
"Reggaeton Antiguo, Pt. 1",st.now
Imagine Being,Damexer
Like Me,St4rfyrw
Cerveja e Socorro (Ao Vivo),Robson Carvalho & Solange Almeida
Promoted,Riome
Dirty,Bangs
Plan B,Maxximusa
Yasashi,CXSPER
DJ makalengua 7,no cap on
Devil Emperor Phonk,Bgnzinho
Hi Hi,Omvan Mora
Rich,City Girls
Age On the Clock,Paid Actors
Ay.Makarena,JMRodriguez
Dummy,DummyTheKid
Iam natural,Angel Amedro
